query_id,predicted_pd_cf,pd_cf_lower_90,pd_cf_upper_90
q00000,0.17868894426613813,0.12910860526799423,0.26217790382299405
q00001,0.09225403943935746,0.06574061426542156,0.13990419023864897
q00002,0.17868894426613813,0.12910860526799423,0.26217790382299405
q00003,0.5678665114513455,0.46706399430216,0.6342098790013965
q00004,0.9711740977540314,0.9163857084742782,0.998787737254823
q00005,0.6241365323766782,0.587465810223149,0.6644714719710834
q00006,0.238802131380163,0.22912503028274336,0.2519008384536551
q00007,0.30947790210734694,0.2788563424518768,0.34581531269741356
q00008,0.28406275810299986,0.25730127454606766,0.34863744016794856
q00009,0.07181962800057837,0.05846629315353553,0.08314818655009341
q00010,0.10527007439860492,0.09858825406866964,0.10889195777387727
q00011,0.1052598808846223,0.09874034358429118,0.10876166610831009
q00012,0.1452414839023853,0.1362669502091453,0.15337468685439296
q00013,0.19729673347829027,0.1885693380858942,0.21648311243384474
q00014,0.1995169292036996,0.1847733344324176,0.21763007178891736
q00015,0.06759481857500796,0.0556415361527883,0.08634517650992185
q00016,0.10252245019703679,0.09390654867958015,0.11981700263624906
q00017,0.10130913204393581,0.09616263238544467,0.10741816812466422
q00018,0.3703425043775652,0.352489987910312,0.38275124938077304
q00019,0.387375253942738,0.3576064299814578,0.42840578194234347
q00020,0.3296750904273993,0.3200131763249363,0.33864664211821793
q00021,0.3035879735036895,0.11036408294186385,0.819632140255955
q00022,0.1321890930367229,0.11735440329342427,0.14283646716058612
q00023,0.06902306927282076,0.060536400212946866,0.07713899224782908
q00024,0.26534761779677385,0.2243463101259482,0.3573351714781718
q00025,0.2601223125896058,0.2428991454675206,0.2750603269154128
q00026,0.25727519104813945,0.23960736828261517,0.2696215026481005
q00027,0.06612263294999764,0.04895759788861024,0.10130689789234255
q00028,0.0661389397145534,0.04888073221910465,0.10130689789234255
q00029,0.07431115144487702,0.055932749596300846,0.10381485160399309
q00030,0.6403357826577869,0.5996730242786533,0.6931462211425514
q00031,0.6518957667611409,0.599004952563574,0.6974585937907999
q00032,0.5269112730008072,0.45265553037774847,0.5633529278112355
q00033,0.23234066383145577,0.18735849252133746,0.3484455478784587
q00034,0.18397181118269076,0.14443759023470115,0.29158598393327206
q00035,0.23372711066589708,0.18946605586912793,0.34955538367161165
q00036,0.19885873191640807,0.17122343361081485,0.24536301340641203
q00037,0.19697921963183834,0.17555685015494768,0.2311231835722145
q00038,0.19063799721146857,0.17049876203297915,0.21878149407459385
q00039,0.0471234444258085,0.038122052914500645,0.06285551721321152
q00040,0.04831443844329613,0.037916629498825766,0.06752899187930732
q00041,0.048502451973355495,0.0380840672024928,0.06752899187930732
q00042,0.03297486248388022,0.02810080773925245,0.03927822502073837
q00043,0.03218991171802148,0.0276150621210479,0.038913530461167654
q00044,0.032717263283056026,0.02782078760803203,0.03899410313529589
q00045,0.05763360951013223,0.015316104261290995,0.08684743794537915
q00046,0.07129176462589942,0.017828050024479333,0.11293486547823683
q00047,0.054598008944916336,0.015316104261287324,0.07788167047462946
q00048,0.4516761267229688,0.431718822379906,0.4700602700752504
q00049,0.59395186141493,0.4385108907881698,0.7937170899410347
q00050,0.47212819757503577,0.4242366821439026,0.5516699375135579
q00051,0.6070146523078093,0.5255829058477431,0.6824343617771783
q00052,0.6034302082508974,0.5255829058477431,0.6824343617771783
q00053,0.6034302082508974,0.5255829058477431,0.6824343617771783
q00054,0.13086252540133203,0.12129579766422025,0.1405223861329065
q00055,0.17260066881972688,0.1551541895821781,0.18933811332800668
q00056,0.15652978414276458,0.1261044546502277,0.1939722493872641
q00057,0.2344060735107123,0.20047802909681228,0.27020136147935897
q00058,0.23468413490939602,0.20047802909681228,0.27020136147935897
q00059,0.2344060735107123,0.20047802909681228,0.27020136147935897
q00060,0.17478550819375688,0.15839866999246513,0.1972738651561143
q00061,0.3806739272975648,0.34078217321659904,0.4277465814982563
q00062,0.4359047939906968,0.3994872055797638,0.4823491081121135
q00063,0.22343687635075324,0.035171759468707854,0.8431443628380243
q00064,0.16679315613020862,0.03433064956799539,0.6768214599010431
q00065,0.1624644802814897,0.03394165119038182,0.6722750130887408
q00066,0.11626349005328036,0.10829029298613854,0.1274711533407328
q00067,0.09665182183538706,0.08732480117084652,0.10019791781767161
q00068,0.14442379305838177,0.11307014937724501,0.2055210504777869
q00069,0.33323361922692407,0.3052835247604553,0.35553550854628174
q00070,0.4703037911803789,0.3620568781752955,0.6202304876454484
q00071,0.33323361922692407,0.3052835247604553,0.35553550854628174
q00072,0.05370596281014039,0.05146178266861193,0.057007724609916356
q00073,0.07854281446860237,0.06972797927820856,0.10544806971348678
q00074,0.051396885403509736,0.04911930096208618,0.05454218404715793
q00075,0.5457013031344785,0.5094509711278122,0.577883524360408
q00076,0.5410637254076571,0.48534208864348666,0.5946483257328014
q00077,0.5329439393971923,0.5098356735848643,0.5666869058784946
q00078,0.4975127302964283,0.3397170533805408,0.8791216953270442
q00079,0.3737837557529488,0.33001444245063144,0.46325585104897676
q00080,0.4452638000404087,0.36827215651422385,0.556743779143412
q00081,0.23507024277697813,0.20472214645679604,0.322296520341336
q00082,0.2024533668689016,0.1969182623210315,0.2091663331958411
q00083,0.21171314313882422,0.2041091420332567,0.23123640629991918
q00084,0.1713547612392962,0.044469569935590085,0.63429428900954
q00085,0.15900057822898617,0.04065680461776981,0.5988357500049146
q00086,0.1605143405937831,0.040670410032619134,0.6031832994384096
q00087,0.10200684916173823,0.08208578165880169,0.13521844556958051
q00088,0.10301287838416451,0.082215604072223,0.1382369699623567
q00089,0.10866942584278076,0.08484162101243345,0.1411836233687818
q00090,0.10599856727120636,0.0752412228176676,0.20008047611398683
q00091,0.12589388922722997,0.11871368508739222,0.13425333638761047
q00092,0.08196030990843638,0.07605577585264944,0.08774972822455188
q00093,0.48743609149533346,0.3568735581940974,0.7774118612343582
q00094,0.35251272898476965,0.23563659327326666,0.6141634239989162
q00095,0.48743609149533346,0.3568735581940974,0.7774118612343582
q00096,0.10178831486810669,0.09222382619854486,0.10912407694232201
q00097,0.16578011152937716,0.09176324657918573,0.36946954336717547
q00098,0.1027513397417789,0.09231793654354027,0.11070806937618495
q00099,0.10337326424242536,0.09519427828058835,0.11308446957180407
q00100,0.10357904050918045,0.09537895504889768,0.11375281696695964
q00101,0.15775881642243117,0.08449085782117981,0.431249387248688
q00102,0.07228283999225274,0.004892206364428994,0.20235736455830852
q00103,0.0382740042588445,0.013960502031505586,0.0862220961786674
q00104,0.0352057003160292,0.02194252548042908,0.06062412208756135
q00105,0.0738118531048363,0.04720736379826065,0.13769007108650252
q00106,0.09190787777813941,0.04860491308059411,0.17300672609135237
q00107,0.0670574406311928,0.0481631120573006,0.11059030667862506
q00108,0.45095776795563336,0.38973462890057164,0.5701937446019341
q00109,0.45207570814248904,0.41712879748317017,0.4879326902646859
q00110,0.46537203071153654,0.42806153158795707,0.4968633903522114
q00111,0.06630464481014492,0.06264304430789573,0.07036534331025932
q00112,0.0614753163109024,0.05829984319749249,0.06501408995832028
q00113,0.06995240959873938,0.062198535220347254,0.07980084825774168
q00114,0.08187046208670609,0.07217153140913012,0.10062676253425176
q00115,0.08169319947578432,0.07217153140913012,0.10062676253425176
q00116,0.08534769881337531,0.07311276477987724,0.10454657966692485
q00117,0.5521384834319134,0.5121048159958501,0.622452168944399
q00118,0.4873923460899259,0.464946859773885,0.5331472353954687
q00119,0.5541006489001528,0.5118568510400193,0.6327261328813254
q00120,0.18293094722452785,0.13539639893891955,0.2562068745988462
q00121,0.25673807893162676,0.139236703636753,0.48257469487591853
q00122,0.16710067269592485,0.1380788573148173,0.22956347805017652
q00123,0.6773296068376458,0.5770683294661053,0.8080225965698812
q00124,0.8315134724277998,0.7072093019018864,0.8995281348466153
q00125,0.6269227103787205,0.5434162405146858,0.7307794100312042
q00126,0.6246070133353391,0.49680984629629305,0.829064552445319
q00127,0.6165428697932831,0.4949980312244701,0.8230122683399639
q00128,0.7740734777819459,0.5905649813509337,0.9669298585611394
q00129,0.3998122099080229,0.3736401998955151,0.42226606589672255
q00130,0.4060101707651165,0.3863862179897853,0.42654189631857903
q00131,0.4900401836662451,0.4061687568393098,0.6228104937688045
q00132,0.3244267287005356,0.3011033752440953,0.351872270911152
q00133,0.31330389604923475,0.28023973476584196,0.34435812736855037
q00134,0.41713636927520087,0.28746135170068066,0.6768736937847913
q00135,0.14312688418838154,0.13388958854213429,0.15297947879825077
q00136,0.1987928182066315,0.18472987343496708,0.20939830356148711
q00137,0.14364294283981666,0.13428300292981207,0.15333446662321343
q00138,0.2948007231681235,0.2697294981391353,0.3270174994358804
q00139,0.29775095824229336,0.26954220865044043,0.3302647233616859
q00140,0.30959406023204583,0.28609467603536687,0.34234234069053704
q00141,0.10337409179886436,0.08557131349270769,0.15509103329321716
q00142,0.3054638787347973,0.27985154789239525,0.33562383589725414
q00143,0.3029439432547155,0.2794400303733028,0.3347488694232911
q00144,0.14810357270759494,0.13685417332916797,0.1544927355211721
q00145,0.14489906564598637,0.13197105448571456,0.15229657434940364
q00146,0.16461353811105295,0.14616244497508965,0.18127878618005683
q00147,0.08557043390648675,0.07817507634671883,0.09171700630699686
q00148,0.08683903523947355,0.08141365754794079,0.09225966194199163
q00149,0.08675504067027599,0.0809768857881135,0.09225966194199163
q00150,0.9420964694329874,0.8585565121090162,0.9973030254405685
q00151,0.8437096422376612,0.7615424800864048,0.9454349850120451
q00152,0.8770559988275999,0.8017712045960216,0.9925777775795049
q00153,0.26014310216254183,0.23165913175350533,0.28825097000228606
q00154,0.26014310216254183,0.23165913175350533,0.28825097000228606
q00155,0.26135315003291576,0.23926881324230934,0.28753427014289284
q00156,0.9463937622507935,0.8664973410458854,0.9956561853671446
q00157,0.8730336868452026,0.755141428830922,0.9911161993784234
q00158,0.9463937622507935,0.8664973410458854,0.9956561853671446
q00159,0.1673899935807164,0.1394704273549912,0.21962014825203718
q00160,0.10949740783733407,0.08861011137496994,0.15995108026937022
q00161,0.16688929562592283,0.13612130930002198,0.2344940031397388
q00162,0.1036497914189094,0.09657204577515706,0.11276828327754931
q00163,0.0683832320829964,0.06335254885462281,0.07394932479885535
q00164,0.10125503117635477,0.09440502990576663,0.11096187901251814
q00165,0.5016394149513402,0.457724944300604,0.5417273768463668
q00166,0.49479978465232294,0.4609465890211263,0.5362317448124913
q00167,0.5305274933947411,0.4732820897514095,0.648656033215865
q00168,0.07079198040126183,0.06363286055463034,0.08412472998413875
q00169,0.061138856830380714,0.0555992484229672,0.07160737537146235
q00170,0.05974242228001932,0.053612230246023275,0.07076533392854502
q00171,0.07310676575391145,0.06044772599276555,0.10826896861702226
q00172,0.34507504034121156,0.17888437807214633,0.6828144227253403
q00173,0.14353852339360748,0.08616221700299716,0.3061987571327929
q00174,0.1989730808190565,0.17517494981500473,0.228363225023438
q00175,0.16454054407116533,0.1505705341828112,0.18877443130910657
q00176,0.1675056970276464,0.15147029341921114,0.19078928555609506
q00177,0.490704541033123,0.35882809533558624,0.8641851695954414
q00178,0.4584878034303148,0.42086286399825135,0.5105278658392648
q00179,0.3566057659174533,0.33051229754717903,0.39328116238632266
q00180,0.24207856675381345,0.21939028238835492,0.26572406734064746
q00181,0.24702213875050755,0.2182175433228347,0.27608222961124956
q00182,0.18301111566050488,0.1499874668169399,0.20320371909893117
q00183,0.394766489471474,0.3426449717713417,0.461857825470611
q00184,0.39456314381024704,0.34247018403370894,0.4559384423041631
q00185,0.36344897462553055,0.315978380432225,0.4363226910433647
q00186,0.6273140285175365,0.6008663628550452,0.6704084227295849
q00187,0.6266586990002037,0.6055051689637199,0.6532915550469428
q00188,0.6002866258611365,0.584421502285187,0.6373093375183245
q00189,0.46478923938044875,0.07770777549005257,0.9038171880326857
q00190,0.1070828363944133,0.091552336566517,0.11840665483631865
q00191,0.10651850807335775,0.091552336566517,0.11745475843534632
q00192,0.4333102990837548,0.37149386541013374,0.4812974755979179
q00193,0.2151728616798208,0.1923107078378107,0.23694956998849404
q00194,0.6817128225241499,0.3645621210466368,0.9847495133836454
q00195,0.23969919900993433,0.11619663770300133,0.5762952360396193
q00196,0.6667220193469477,0.45443749020511415,0.9426382866518245
q00197,0.2465911571114311,0.11386988428705594,0.594855424859345
q00198,0.126357902938643,0.11908722446630701,0.13817615952766418
q00199,0.11428723784502819,0.08658087747549453,0.15598611624645894
q00200,0.08529243853589549,0.07666389891919442,0.09013526560620004
q00201,0.08313865079082378,0.07797078606468745,0.0944432314810963
q00202,0.08304924048790963,0.07797078606468745,0.09448815137461053
q00203,0.08313865079082378,0.07797078606468745,0.0944432314810963
q00204,0.26475346037550707,0.17773898657081788,0.424680411939542
q00205,0.29063343829038313,0.19551731054089197,0.4673276347528576
q00206,0.231430466694033,0.18854747484840279,0.2942383876462969
q00207,0.17192630787931262,0.1552690687673416,0.17937717011513624
q00208,0.182745697891742,0.1648009870164748,0.20476121884289566
q00209,0.1832584295190557,0.16711528735875267,0.21876831297372193
q00210,0.4723923666259048,0.40292800711308585,0.582622115311832
q00211,0.288117849624022,0.2798115701277867,0.30002909062123106
q00212,0.4588437125114182,0.397317440812424,0.5507683430214135
q00213,0.14201174897553348,0.11591771753524646,0.17153879664309804
q00214,0.1375212013787376,0.11454970752319879,0.16396859898121377
q00215,0.13789185827417366,0.11454970752319879,0.16376653288911
q00216,0.17597414106402973,0.16222251131099472,0.1942542697800515
q00217,0.2634248548228535,0.2058283343942814,0.330052711827359
q00218,0.17580216111055993,0.1557518479394082,0.1977806630743671
q00219,0.5197739822635806,0.4275345575598743,0.7644570935266054
q00220,0.5029384689777163,0.40351713241522885,0.7663585277179762
q00221,0.21192829810739724,0.09587739121420642,0.4827113061192924
q00222,0.2969740842239519,0.272243900606518,0.32556378911450684
q00223,0.29475136743589125,0.2713847105503204,0.31590907916819594
q00224,0.39813812678987076,0.23745080852504705,0.7976773072250076
q00225,0.028783953200119637,0.021235020317064344,0.047337393823650445
q00226,0.034259741703500754,0.021722507673491577,0.0598847547154185
q00227,0.08778859546624931,0.019293811968033727,0.3235152879809827
q00228,0.15050051270055606,0.017032157664641168,0.6708670544539128
q00229,0.16849504328141673,0.02093471349563504,0.6988234133494899
q00230,0.1813681703205957,0.024731201929689937,0.6994435069977076
q00231,0.07518384121594918,0.07154692761957647,0.08014100249329911
q00232,0.07512905439688305,0.07154692761957647,0.08014100249329911
q00233,0.09211308681130151,0.0734936936462053,0.15951611382139086
q00234,0.21241873319051902,0.19882351094081688,0.22849751942143667
q00235,0.21414682949682895,0.20016174443268397,0.22785718827899504
q00236,0.21226323474324693,0.19934196176030125,0.22785718827899504
q00237,0.1729259098022232,0.15954740803106732,0.1916658375002339
q00238,0.2991535247432162,0.2036725910285343,0.41641569657387195
q00239,0.18163221661244194,0.16218408093653083,0.19932449598409255
q00240,0.12238539530448016,0.1042218854446032,0.16025502885667517
q00241,0.12237418241765292,0.10356585491081818,0.16057687998405856
q00242,0.12229543197132368,0.10386084884853447,0.16013079039962944
q00243,0.36046090022440125,0.31105763269400294,0.46279564894049685
q00244,0.28121421268209834,0.2658055589430018,0.2995372542682991
q00245,0.30030074277764096,0.27332870325216974,0.33178684342551146
q00246,0.08636125564124866,0.07763880407521662,0.09914482045869015
q00247,0.09059626714190197,0.07727841021206684,0.10531256293263051
q00248,0.1713368297522067,0.14817229443119848,0.19526856976005655
q00249,0.14779450255039145,0.024458268616590277,0.6056294024906175
q00250,0.03255694961940334,0.006281925699778785,0.08634957545261981
q00251,0.032135067094396196,0.006292705752241298,0.08410239106559418
q00252,0.36604091772478586,0.3299261844194865,0.3960058724470823
q00253,0.273082063765669,0.23807050501354166,0.3006932775089969
q00254,0.36900846522970077,0.33219980379351477,0.4046286380410404
q00255,0.07969439667216888,0.07231612967737343,0.08492128101061751
q00256,0.0939835672473274,0.07974709628058532,0.11527216481421108
q00257,0.0929338471655541,0.07827587464427777,0.11527216481421108
q00258,0.3259120508149154,0.2528819232922247,0.41339602673956977
q00259,0.2550473722098836,0.21861551131766352,0.30514901587466137
q00260,0.2588198668620293,0.21846590716164266,0.30981122035666203
q00261,0.9831339950580348,0.9616951703153515,0.9987274854863114
q00262,0.9831455671488343,0.9582459583581052,0.9986435637665301
q00263,0.9831339950580348,0.9616951703153515,0.9987274854863114
q00264,0.1697900983017066,0.08883013387638197,0.4176808956707818
q00265,0.5347850369422119,0.35023659432310517,0.861346610632346
q00266,0.1434871343849815,0.08566720753783759,0.3453959749012663
q00267,0.06944633706556463,0.0557419061846077,0.08569115404960849
q00268,0.18583904327119957,0.14052368410983415,0.27698544486111126
q00269,0.06057661431418365,0.05436079759006882,0.07266137515134062
q00270,0.09028077816269583,0.07712807219067958,0.10990988359846132
q00271,0.07150946472137508,0.06065617302382083,0.08897382446394643
q00272,0.09096988428331705,0.07757465397203106,0.10990988359846132
q00273,0.18634975715498753,0.06485401484295507,0.6777789052694176
q00274,0.18809601682928911,0.06521035251971517,0.6786327102364833
q00275,0.18760795980934028,0.06485401484295507,0.6777770589989189
q00276,0.13889223826738784,0.11580597469926339,0.17741373980884267
q00277,0.12857619392848002,0.11241935816397333,0.14358516402847918
q00278,0.129305389825368,0.11378237739094688,0.14538660636718231
q00279,0.14884825693644096,0.13078328539054662,0.1722449967068606
q00280,0.15479058795716877,0.13578357706273678,0.17642274640049782
q00281,0.15810325319481905,0.13578357706273678,0.17888030905876576
q00282,0.4060650921601545,0.27490550097909927,0.6202747359213159
q00283,0.3317390953574362,0.23075273747444852,0.6229510777231412
q00284,0.28151737634366114,0.17740563679074958,0.4852294734106684
q00285,0.04354548163846965,0.03624302146284283,0.04968136525724272
q00286,0.043853892243293176,0.03606053329023281,0.050459568380883175
q00287,0.14332758393667647,0.03646274591695403,0.5302154699957282
q00288,0.07617383856918597,0.06939015361662235,0.0866770893248343
q00289,0.14392570525517104,0.08398000799600577,0.28994380034477246
q00290,0.07575402689824998,0.0703397933416409,0.08583140336638172
q00291,0.2559492244727772,0.23164120303967226,0.2785421371908568
q00292,0.24825817989500537,0.22742013759838886,0.2597253047187184
q00293,0.16416587316540623,0.1502309804777699,0.176860980330216
q00294,0.48987593355501935,0.42916044961090183,0.5781945331742697
q00295,0.493403912041131,0.42916044961090183,0.5813357886093626
q00296,0.47130326282502377,0.40697679857180175,0.5390604570128996
q00297,0.727208108206982,0.6718516419798823,0.8292589329195112
q00298,0.6162211203868528,0.5370542667318119,0.696856327606611
q00299,0.4549757177088435,0.30897574189247984,0.6518423007901251
q00300,0.06945057470102363,0.062265587664380374,0.08443290729573025
q00301,0.060010846800813616,0.05408221218224696,0.07174591525064691
q00302,0.06911331092307385,0.06295398588835992,0.07475484840736697
q00303,0.1694034613767324,0.09822614967169672,0.31627366786046185
q00304,0.16607568571785747,0.0699274517146068,0.2913455494833407
q00305,0.19120952164876176,0.1134611447478075,0.3647911282315893
q00306,0.5275823543967452,0.49743370120341407,0.5565802707352429
q00307,0.5586512025257913,0.4824428046659905,0.6552035512722778
q00308,0.5409129469599007,0.5060162810033372,0.5848792082804085
q00309,0.5814565602957212,0.4901755979344624,0.7452808503164314
q00310,0.6042581198133445,0.5479134618880879,0.694240146394183
q00311,0.49861052366999137,0.45788249403332354,0.5353787312005676
q00312,0.09261322630892475,0.07997826687246923,0.10340753714232938
q00313,0.09557832000434871,0.08439940686117625,0.11491077930828009
q00314,0.09393818448588707,0.0876504237336247,0.10189992708439037
q00315,0.5632090528059527,0.4866799622641658,0.688820164022737
q00316,0.5808667822480887,0.4935911969269394,0.7337023920976004
q00317,0.5267039264009675,0.46670244679432543,0.6397108284760683
q00318,0.6319787974857707,0.5286621877275821,0.8461011059250423
q00319,0.5354617414171754,0.4979889868495389,0.5689224012547407
q00320,0.5376194130229012,0.49097696569294763,0.5922005457134654
q00321,0.16723775277435313,0.1602178965370484,0.17270052258075044
q00322,0.13039490240717547,0.12326909925935167,0.1382404761959431
q00323,0.2281464639280399,0.15578758538834686,0.3252199316377487
q00324,0.06907549354884648,0.044351702708601906,0.1296092770883626
q00325,0.22090381441518128,0.05459533389504771,0.7759268093073824
q00326,0.16465858939496528,0.04213010279908626,0.6049837141005014
q00327,0.11003683106661008,0.0977916073772131,0.12128842103263163
q00328,0.04953172469377409,0.044748551032949745,0.05375696710343419
q00329,0.10970882054106391,0.0977916073772131,0.12094024422733915
q00330,0.6111455007586031,0.4785459742053253,0.7331796011642481
q00331,0.608319564655704,0.4776441106485587,0.731651330205602
q00332,0.5550288515965323,0.4563896532503703,0.703593213125766
q00333,0.23082329504972604,0.18159391412841058,0.2787619164813565
q00334,0.21541266675921206,0.168701701599103,0.2635366419472455
q00335,0.22514658305361296,0.1606908402771317,0.2952959790225678
q00336,0.2205801038876445,0.18354406506248727,0.25055692159639364
q00337,0.533508191457011,0.46549918255845885,0.7348085733292862
q00338,0.4453528692586244,0.41199217239557334,0.4631163872113388
q00339,0.3516833633091159,0.29818027281159915,0.39210257261270076
q00340,0.37586395235324016,0.3490375939016664,0.437642875789624
q00341,0.43524930238447335,0.2629413625438751,0.8472424847826446
q00342,0.21599464320664175,0.19935579803378886,0.23530427825644987
q00343,0.2705777467282151,0.24469541340164372,0.2952727062182175
q00344,0.24091760370847048,0.22179759760273016,0.26113281413683054
q00345,0.5329633355900544,0.500304945080972,0.5743938978611632
q00346,0.5311570626975556,0.4880103005219365,0.587110588037823
q00347,0.6046124048268962,0.5177516874668726,0.8033828124932347
q00348,0.23854120382617355,0.11118866016941434,0.5445326075591593
q00349,0.16108422571791794,0.1271571677103906,0.24391739450633787
q00350,0.1713200131653424,0.12621304524866508,0.27905916088915367
q00351,0.06246809943207566,0.05381792769363807,0.07999796282664474
q00352,0.06297987928820475,0.05437305851657152,0.08005017071042074
q00353,0.0682760098265706,0.05367020758061167,0.09940384235587535
q00354,0.06513511502296754,0.05904852634976578,0.07226534497879938
q00355,0.050873945368324236,0.04455036091883964,0.057426901992148775
q00356,0.05319367576335218,0.04487384047872294,0.06254848872676352
q00357,0.11484623108037476,0.10246772178941782,0.12857016861716175
q00358,0.11818646126619253,0.08460748472403246,0.17414899203748313
q00359,0.10168852123136549,0.07924891992116168,0.15759455728737187
q00360,0.21104751324141785,0.20291141578569308,0.2197058121940078
q00361,0.2572199262453697,0.2121951166131274,0.35353924292028527
q00362,0.2122361207683321,0.20339240175485773,0.2197058121940078
q00363,0.15520380719510518,0.14513964780825325,0.17031823274720254
q00364,0.1417591290745519,0.13329075596168363,0.15139005167873534
q00365,0.15561967386037404,0.1335163007566978,0.22721165106474164
q00366,0.26673765906605146,0.14536852026414465,0.4540074134550858
q00367,0.6952926417126822,0.6255471058117963,0.780179122240454
q00368,0.6955995207262131,0.622209489300863,0.7880834605527072
q00369,0.04540873361553685,0.03862548437471625,0.05043148952799445
q00370,0.04373841802586335,0.038123820721457466,0.047765610016128404
q00371,0.04345385165748628,0.03798378061667837,0.04878187842187236
q00372,0.04909996945002424,0.04129313993719437,0.05910196641663837
q00373,0.04658715956698687,0.03945930749669741,0.050948257352771774
q00374,0.04763470937237227,0.04095074237724226,0.05213283411883642
q00375,0.5688403707989955,0.4652072356313606,0.7037805318373848
q00376,0.4802814302920484,0.4268361972661715,0.5944441437986872
q00377,0.5126669757817259,0.44989978271486464,0.6120018622053474
q00378,0.1528953973650919,0.1383904533560437,0.1620413318725515
q00379,0.18933122672702482,0.16706291125670744,0.22404130026227284
q00380,0.2579493587402928,0.23897424245794435,0.27823422784689456
q00381,0.38112201737981116,0.3295108623470048,0.46798858504629476
q00382,0.7978643902220939,0.6771506658549976,0.9543876144594866
q00383,0.11502879470048133,0.08487063456255659,0.1560623920014476
q00384,0.0502940435706113,0.04198650287450404,0.06827172312852024
q00385,0.050129250071587896,0.04193215219124509,0.06769815875389862
q00386,0.05118316672984366,0.04205303764477819,0.07210202897160922
q00387,0.23882479749032626,0.22234373985143174,0.2600157493289617
q00388,0.23882479749032626,0.22234373985143174,0.2600157493289617
q00389,0.23882479749032626,0.22234373985143174,0.2600157493289617
q00390,0.033789116718169705,0.027895082635353344,0.04236203759136452
q00391,0.06842334984947879,0.028073185743266588,0.21492815555391775
q00392,0.03538491330095759,0.02555317113149513,0.05574509469684567
q00393,0.06986623626279262,0.05578458630854933,0.10071024654852241
q00394,0.048869524195519785,0.03930935211979173,0.06378705397023719
q00395,0.050405947703903664,0.03722453501377586,0.07463762577788705
q00396,0.16915038654237885,0.15972545368661514,0.18211193069978607
q00397,0.1635228306847196,0.15322267979145715,0.17988704217804086
q00398,0.1637523531954152,0.14767875688545068,0.17897318595575004
q00399,0.2985613606297012,0.27236353107315886,0.3271336775609445
q00400,0.3009925623908669,0.26937546702089876,0.34327690173544284
q00401,0.28763231424110647,0.26312700062707295,0.3107034308098634
q00402,0.39436191284634897,0.3322678642097943,0.4734956255754352
q00403,0.25674830372864654,0.2287799109350321,0.2834000090392415
q00404,0.3598845249929182,0.3370371546686429,0.3968631768548655
q00405,0.07754352255811413,0.049999769822530085,0.11642080916507337
q00406,0.07259178730679954,0.05292525168634151,0.09913505366374267
q00407,0.07302774041541253,0.05013420518571097,0.11568257496430887
q00408,0.20972159782032512,0.20088162775704008,0.21931801035928905
q00409,0.2235418684704297,0.20598105452418106,0.2535985631057205
q00410,0.24818950728076555,0.2339585283802076,0.26869565268671225
q00411,0.09639355683627511,0.09124615790019398,0.10499276408031075
q00412,0.14416016432234058,0.1042920239398439,0.2448268154125137
q00413,0.09428768307717668,0.0865398282041166,0.10360772253841372
q00414,0.04127245505684357,0.022244828741846384,0.10288501704094241
q00415,0.11908861164362022,0.02230495867644046,0.47656792052745883
q00416,0.04088556503707859,0.023322412134506858,0.10526716863891082
q00417,0.19542123867570615,0.17517193505371081,0.24516427713198857
q00418,0.2668367967397039,0.21171014105413022,0.3602520119352548
q00419,0.19863312307608458,0.17805106442037855,0.24926724643513068
q00420,0.5509313827537706,0.44320285995121517,0.6718314553882941
q00421,0.5492064329169112,0.45464985124638185,0.6830759456149748
q00422,0.5821923410213774,0.4503940699255542,0.6925844680680844
q00423,0.9740335862519524,0.9101377497438191,0.9991216475638144
q00424,0.9980805176996165,0.9956979338953883,0.999434338561257
q00425,0.9980930663612998,0.9956979338953883,0.9994339501301657
q00426,0.4548632990907536,0.42823657421769556,0.4994017808157464
q00427,0.7144609403096311,0.4595363071182245,0.9766431154470996
q00428,0.46077084323722073,0.43030164828113365,0.49372787364072174
q00429,0.11236676712814825,0.05632132734052861,0.18460963586053655
q00430,0.09283274452786786,0.049407292905901005,0.14987714190461365
q00431,0.036767843738343346,0.017366861026971516,0.06438241330164803
q00432,0.48906458298554895,0.4559303197314067,0.538589330342777
q00433,0.4710897598284517,0.4444877300509156,0.49672625928678504
q00434,0.6462208551683302,0.5612341621351093,0.7504395876751849
q00435,0.09606177881316684,0.009148755748462438,0.29237778054840896
q00436,0.22945914230313977,0.10500976285084516,0.3967959368797063
q00437,0.08728652884834213,0.02741514301117444,0.24727402049244024
q00438,0.24404651353045143,0.20138523272495407,0.3021615952945784
q00439,0.1128765703610935,0.09506490762736633,0.13490909087318007
q00440,0.0907865108991825,0.07664200598038672,0.10953838985411174
q00441,0.36096712355448063,0.2736410004474566,0.5525621457085823
q00442,0.3349630439619569,0.30319842397963576,0.3747793047779778
q00443,0.34346664113673164,0.3181874859841322,0.4001807289503066
q00444,0.47531160342061507,0.42922173503589295,0.5266290809127971
q00445,0.4680877204095264,0.415526739881975,0.5235352687927494
q00446,0.47199101730898224,0.4135984608945817,0.5235352687927494
q00447,0.27326766473044545,0.15327304171114645,0.6916834202008497
q00448,0.2811549361280874,0.16923364975301478,0.6954400194202224
q00449,0.281344931642649,0.16923364975301478,0.6954400194202224
q00450,0.4688888431283724,0.37510668071021586,0.6234515943982035
q00451,0.5772227967412901,0.42023233902147955,0.893644074491949
q00452,0.33017306134310515,0.28482358795430884,0.3511662960795111
q00453,0.45987229195126283,0.4123932783004504,0.5212599937655901
q00454,0.47081571049570325,0.4262616263479466,0.5228742574389957
q00455,0.7948573753335497,0.5560234327690939,0.995156848200912
q00456,0.11307647202567314,0.050251390688266936,0.28054872784283097
q00457,0.09718068251470012,0.0514767130264543,0.23074718418776968
q00458,0.07870935725920632,0.04969975101864275,0.17622273245114928
q00459,0.38894762783907666,0.3469163623167072,0.45384911062589145
q00460,0.4092619425153338,0.38646126694196986,0.43485007177801627
q00461,0.3983630761404512,0.3811473362027832,0.4229908002191082
q00462,0.27056053378150324,0.23327760551120072,0.3469421671789363
q00463,0.26428048608082466,0.22723298615508394,0.34177837648334125
q00464,0.26256437381240544,0.22142205602496995,0.3413130568949528
q00465,0.042169285888513125,0.008978666312850462,0.11318516184662411
q00466,0.04231286672244297,0.007787967196064166,0.11422456452539728
q00467,0.04231286672244297,0.007787967196064166,0.11422456452539728
q00468,0.23035291194480972,0.18484670097376565,0.29092494168080785
q00469,0.23317792991321934,0.1915041635000932,0.29092494168080785
q00470,0.23635161738020793,0.18576716970882937,0.2977869910014047
q00471,0.09785981658585391,0.08774130239370709,0.11450308015929628
q00472,0.0941573735682657,0.08443402069035534,0.11063904378659892
q00473,0.10940851207313351,0.09844149325011764,0.1225433772822453
q00474,0.1135376310254254,0.08691775194381264,0.18652158240239494
q00475,0.1147990191660054,0.086027319265459,0.19725381338553893
q00476,0.09930956868132107,0.08488680799900436,0.1274195479653465
q00477,0.06933399142824284,0.06377019508633106,0.07427044792944386
q00478,0.11534421413026397,0.09966823641528821,0.15762659831986384
q00479,0.10310862503688258,0.09143703447157878,0.11225725363203112
q00480,0.07733722126096235,0.026392284194419077,0.10056065542459053
q00481,0.0791940573057108,0.026392284194419077,0.10056065542459053
q00482,0.24273413208323594,0.07390477490279201,0.3951815384089963
q00483,0.26431932787620893,0.24417161855908473,0.28978627839273824
q00484,0.41398422535858104,0.3284694564910661,0.63285923947086
q00485,0.2717023893004217,0.2542332490573604,0.3008172887093228
q00486,0.5463703089686676,0.4335449251397294,0.6689807799834964
q00487,0.4317163242361418,0.3502400197266339,0.5212050198920366
q00488,0.2361205283202466,0.212223078363401,0.25961351779476927
q00489,0.39703935868591345,0.3729865746640756,0.4462011050106953
q00490,0.4473516673632043,0.3501628517884025,0.6882744936699812
q00491,0.39517015035094766,0.27630453180915987,0.6518382790162635
q00492,0.17194683846666448,0.150254167652614,0.19214082182987138
q00493,0.17194683846666448,0.150254167652614,0.19214082182987138
q00494,0.11075440810338465,0.10155846264281924,0.1284796814508398
q00495,0.35517836204640135,0.321670608247621,0.4103095836004834
q00496,0.38380089510799487,0.3458960107249308,0.42543562016979347
q00497,0.38523844080805897,0.34830853101093634,0.4185905495180205
q00498,0.026027817037263336,0.012718016015159404,0.03332964284244633
q00499,0.029435246164664187,0.024728801663914137,0.037334120900292506
q00500,0.028175872188665105,0.024721334228125454,0.03333785770105503
q00501,0.19558552796688874,0.12899739478478828,0.4086792528363813
q00502,0.19745430375007583,0.13312204737411237,0.34518643916354547
q00503,0.1497383236821277,0.13642363856291415,0.1636473193125544
q00504,0.27831503514844064,0.15065654430710676,0.43599522763142445
q00505,0.13776704203975637,0.12490539251366455,0.14904234801526223
q00506,0.16515309795768396,0.14654636820998632,0.1863968971163192
q00507,0.20085151616144065,0.17739227520334044,0.2212289248365134
q00508,0.2006492631512654,0.176022086330334,0.22254602692137893
q00509,0.4832193217748864,0.4590463085952135,0.5215728338691895
q00510,0.1613072133545723,0.15477512443092797,0.16541469786427446
q00511,0.1645118351513698,0.15701515891044604,0.17010753960917346
q00512,0.1446360961861224,0.14150516468782992,0.1492353342004558
q00513,0.02332154587930364,0.018930399710950143,0.028197584459657355
q00514,0.05201526977462506,0.024039111059407443,0.1173080611517863
q00515,0.11542098786323762,0.006939738526233552,0.49897304858105107
q00516,0.38339996088043726,0.36585159487302804,0.3935594098498258
q00517,0.37988598353226466,0.360763617950872,0.39195735672214865
q00518,0.3800347224180166,0.360763617950872,0.3927307989280588
q00519,0.07670426862002315,0.07289940819596895,0.08048103105067524
q00520,0.07750115953041414,0.07370550867842174,0.08137816971382054
q00521,0.07573822870302235,0.07205913759406439,0.08083119053711676
q00522,0.3060370841975135,0.29082816572897285,0.3236177696882198
q00523,0.3056456133298912,0.29050423250806506,0.3250874341151821
q00524,0.1554905714763164,0.13888070312842174,0.17534564395240526
q00525,0.18826894922412776,0.1710988442811462,0.20511769507174954
q00526,0.2789313552701874,0.1739753050543124,0.4473874302010907
q00527,0.19214854006692028,0.16781709733045308,0.21546593331601033
q00528,0.22903091534588063,0.20248449846094307,0.2507691635961814
q00529,0.18228889313302374,0.168422301002658,0.19549835350318293
q00530,0.1000586893336219,0.08752400287585664,0.11871480515623381
q00531,0.054079499320368124,0.04748193081953917,0.06390099705776428
q00532,0.04981828470410029,0.038793978559244366,0.059597148512274135
q00533,0.0502950538650248,0.04214689490674922,0.060385075698358257
q00534,0.4249596700448526,0.2141980778809462,0.8736009891807212
q00535,0.31714405904186677,0.2076238677113476,0.5688025906513327
q00536,0.23806587277668925,0.20889187950682167,0.3029317912932333
q00537,0.24765627875774027,0.23723539510876915,0.26065966167861676
q00538,0.24544807791743328,0.2316090149399735,0.26038201402393824
q00539,0.22565101638105292,0.21768761643776288,0.23482717491313035
q00540,0.4102345718255134,0.3458684769699238,0.5334830927995768
q00541,0.4102345718255134,0.3458684769699238,0.5334830927995768
q00542,0.7535931795965091,0.5771940455198209,0.9422047436139599
q00543,0.14387196933989677,0.13455101074112816,0.15390852193479942
q00544,0.14565419074718222,0.13378701496303003,0.1568024807924283
q00545,0.2605462039720853,0.207828071956599,0.32717643993586565
q00546,0.1317657886647369,0.11320301749048642,0.1716640027507516
q00547,0.14252689763324056,0.12386224988699586,0.1727281236813968
q00548,0.13693016244470227,0.1200732100582072,0.15424433983499652
q00549,0.1120099657991918,0.05077955989233067,0.33049435950068184
q00550,0.11271328299640537,0.051772066425564874,0.33198412011759826
q00551,0.1155846762552585,0.052584654846115186,0.3504227061268676
q00552,0.049747283252310474,0.027734286227265984,0.12863273222435007
q00553,0.03141264271117329,0.026483781686606034,0.04064836596408774
q00554,0.031730258772728934,0.026878124442683043,0.04108745217499914
q00555,0.07604630369907886,0.05957716020224112,0.10937832180605389
q00556,0.06904184029669003,0.05756606972038162,0.08796685571632334
q00557,0.05825445262685706,0.04688498287752726,0.07776400457767987
q00558,0.4983494340649049,0.3342912822560001,0.6804064268339028
q00559,0.26048443331330606,0.22504727268260286,0.3083752318697332
q00560,0.2435702538335832,0.1886392665629803,0.3911531836858745
q00561,0.39626026219064364,0.3629786650932199,0.42414084452705864
q00562,0.3305908159759473,0.28440915507167924,0.3673365664368929
q00563,0.3979574246763701,0.36435991440455423,0.4234848707913559
q00564,0.025946805738034227,0.014340160066476475,0.04788453693168408
q00565,0.02142738522579393,0.014317233319529724,0.02786310210093955
q00566,0.17476873260445733,0.020951372595182344,0.7263717744684273
q00567,0.21005326727266596,0.14055786771856435,0.3284220902349616
q00568,0.21209948104323584,0.13918895541208637,0.31367731428868373
q00569,0.12819175777281525,0.11540566111085954,0.13803642244867595
q00570,0.4372347773638772,0.3880456965675792,0.5041493834053028
q00571,0.2942610836980526,0.26945169124233737,0.3274663223895863
q00572,0.42988444652885216,0.37760688180106156,0.5074063842190594
q00573,0.22385209348078564,0.20017053976203647,0.2537753605469595
q00574,0.23012433479689687,0.21483485635920355,0.24852009847118933
q00575,0.2271452911565049,0.21436084834548397,0.2451495835014056
q00576,0.11774726910302155,0.09467607341591815,0.12766987798380638
q00577,0.11876445563529593,0.09982302837373404,0.12766987798380638
q00578,0.15722767632508625,0.11044325816824939,0.2670457619524324
q00579,0.02731375379477087,0.02222565404694902,0.03471411083903967
q00580,0.02706597660118536,0.0218232582469201,0.03391093900732077
q00581,0.02731375379477087,0.02222565404694902,0.03471411083903967
q00582,0.09181272451790377,0.08767336440911254,0.09555327945765711
q00583,0.08057713384189572,0.06840442351621717,0.0970138665955729
q00584,0.10694064093057248,0.09950301015924104,0.11644578125968398
q00585,0.732681205405326,0.6448075241418578,0.8083483948736196
q00586,0.6383283601402211,0.5790615611194554,0.7069873278275429
q00587,0.6383881669472884,0.5688243794981862,0.7276530677488648
q00588,0.06258262559449367,0.05596102106926237,0.07030113402160885
q00589,0.06859348213406939,0.06287090228571701,0.0765568961682818
q00590,0.0625604134779276,0.05697726378492482,0.06950079599498983
q00591,0.09488050813509566,0.08530618684589909,0.11151974392129888
q00592,0.09130996782624547,0.08500972404126088,0.10598431889117281
q00593,0.090333740307777,0.08500972404126088,0.10449484544447182
q00594,0.08977556893608182,0.07586721856595481,0.10967636531090828
q00595,0.07030533077661452,0.06402711489092776,0.077497971436556
q00596,0.21967927550655705,0.10726352828510069,0.42213692363283434
q00597,0.04683174143830875,0.043176474942050735,0.050312244709485636
q00598,0.04732348335261142,0.04323642999869052,0.0503858987220323
q00599,0.04699569343538083,0.04297747220960552,0.05012698519410128
q00600,0.23198550692120234,0.21536277092998718,0.2469944026123964
q00601,0.2668375913446702,0.251990851239776,0.2807279133915095
q00602,0.23285891744565695,0.21560812798735587,0.2478083455765346
q00603,0.45429575413620527,0.4260564701543806,0.47514930674165357
q00604,0.4645947693316873,0.4245570824499387,0.48324515785384436
q00605,0.5579866522296771,0.47290764687282905,0.6766194616418443
q00606,0.5782934883564078,0.5467050007759929,0.6199738267039989
q00607,0.6286243298862437,0.5619414398814487,0.682627534314369
q00608,0.5203033864317158,0.465882589594424,0.5797764886305837
q00609,0.21214549497500684,0.1828086993330404,0.26350162564234225
q00610,0.19018781586410013,0.17963938774296478,0.20932439200331449
q00611,0.18725673485289188,0.1779957377503573,0.2010554096591493
q00612,0.02122119928196241,0.005784572876697069,0.028985510066946333
q00613,0.020622541462429103,0.005784572876697069,0.027014699686594753
q00614,0.028770593053822013,0.006994494491246224,0.058792964752137064
q00615,0.760562806564447,0.6577206704424489,0.8994812047579624
q00616,0.839588579205518,0.7515664004332852,0.9219229088973541
q00617,0.8787233374940895,0.7560975873555945,0.9580323640945547
q00618,0.06337994879693093,0.05735012860654871,0.07620100247389812
q00619,0.0635540043968152,0.0574544911917509,0.0751988787516634
q00620,0.07942007669067344,0.06891414271835324,0.09617293915172923
q00621,0.26284241843934514,0.21330942095703953,0.3943690399546901
q00622,0.27358037750587266,0.2122014437670475,0.40532793022049474
q00623,0.25194991060344424,0.2045659820676605,0.3832395311614747
q00624,0.5908433332720501,0.48259798346781546,0.7316885080201017
q00625,0.5906243535156933,0.48253278822151446,0.7310596181842404
q00626,0.5584967666691223,0.43288224878943654,0.7014452001426793
q00627,0.15011679894596036,0.13961603295860908,0.15686516186205407
q00628,0.11388959080699053,0.10743526665807845,0.12008219807897123
q00629,0.09090848218027478,0.08451636586396925,0.09973108314508683
q00630,0.21168299462690524,0.191293613602899,0.22446194579031406
q00631,0.2791054804836447,0.19671773386184369,0.4232278899909749
q00632,0.1221613896882679,0.11262925029872123,0.13321525836980622
q00633,0.7889919088997358,0.7270780511253293,0.851027433413481
q00634,0.7799962659372702,0.7128448495536942,0.8529672101357182
q00635,0.8597984038222961,0.7698276998431282,0.9485214558952453
q00636,0.3518370043307677,0.23708595612956485,0.48800434680060023
q00637,0.3518907463200274,0.25848885203544725,0.48780195644584357
q00638,0.2143453386468428,0.18802152144483986,0.23566124278762107
q00639,0.34089249178840975,0.3106469253992826,0.37711259534157143
q00640,0.3395969568762069,0.31593200246742204,0.3576042411949613
q00641,0.3443871829675482,0.3027657046519711,0.4080197683162087
q00642,0.19005712795054122,0.17412800138709314,0.20667748502655853
q00643,0.18969773422818498,0.17377262266971444,0.20667748502655853
q00644,0.20257173472295117,0.1867867653630433,0.21630324986934674
q00645,0.07744017396522751,0.05039444179245307,0.13052926222870592
q00646,0.0673810969283341,0.0432727394588304,0.1229421441351943
q00647,0.06936617415037465,0.04439590568597677,0.11247089272734233
q00648,0.4302134870250656,0.3650468607801997,0.5541678477922903
q00649,0.11724992137708652,0.11003535240876303,0.12320731333307423
q00650,0.4364015155756054,0.3564075037970275,0.4981802249383192
q00651,0.677949184455042,0.6101104671005567,0.8561746904146633
q00652,0.6032902720451263,0.5664994282606871,0.643800809071801
q00653,0.5755555222448918,0.5442633037370711,0.6226864447499556
q00654,0.24226192484969425,0.19923853596952043,0.2953372975366699
q00655,0.24688884158214866,0.19020798026727542,0.3260893091275473
q00656,0.24792549435655456,0.1918945494864865,0.3260893091275473
q00657,0.10619966820109336,0.09842211656982133,0.12385244835952613
q00658,0.17021276372779806,0.10839621760735087,0.34285168484916284
q00659,0.1398326782826845,0.10915725136226752,0.23822324859051058
q00660,0.1216957839529007,0.07589954324385384,0.2790035192865699
q00661,0.13147659252749763,0.07013297177523622,0.2990303346619873
q00662,0.1398910464124509,0.08568604679994972,0.32274508478907016
q00663,0.5230493423589598,0.44998547895955127,0.7111999518855225
q00664,0.5331587525561279,0.45420998400555684,0.7111999518855225
q00665,0.5237933003070175,0.4513852604575343,0.7116753872232986
q00666,0.4346302740062306,0.40765704478379244,0.49268601791823163
q00667,0.5843269598319747,0.5051417838381173,0.7473957076592352
q00668,0.5721054082893935,0.4279294845247018,0.7812725016019899
q00669,0.20024986756867996,0.188494434872046,0.21451861451624593
q00670,0.2101961402145042,0.19221856729652545,0.23323070950374358
q00671,0.1923151519586424,0.17826630440723926,0.20462884349140942
q00672,0.0900430414913578,0.08290473937766044,0.0948818204881807
q00673,0.10345294748502702,0.08319508318308506,0.15610375953944305
q00674,0.07610992272770782,0.06897232320188372,0.08296019832650199
q00675,0.06543301489014242,0.0598102777415566,0.07193666116874073
q00676,0.06543301489014242,0.0598102777415566,0.07193666116874073
q00677,0.08096684393686941,0.05899805794884474,0.14324700221095693
q00678,0.7609788924940539,0.5593330022592935,0.9587087025352432
q00679,0.5763113356681168,0.4348836953072964,0.8431989640797846
q00680,0.7363348582675879,0.5372093691418368,0.9507510213720234
q00681,0.14379692771385919,0.10191929414800689,0.2574046998402336
q00682,0.17158547078384204,0.1176498692575568,0.2814045861930408
q00683,0.1527407770527375,0.10856130667561495,0.2574046998402336
q00684,0.33781372177605484,0.29355581261390135,0.38321762465520687
q00685,0.5016876574829673,0.47216090532452687,0.524241996122367
q00686,0.34689291312876225,0.29355581261390135,0.3864433953952485
q00687,0.27365356638536126,0.18217329098341448,0.4532116002684372
q00688,0.17076547634123646,0.15851332288456807,0.181045461297287
q00689,0.17446461104858257,0.15996750079119182,0.18760444020615394
q00690,0.055452320735380735,0.04215358067782002,0.0914102730820894
q00691,0.05540095708611966,0.04249398521806203,0.0914102730820894
q00692,0.05576810708755667,0.04173975533551681,0.09195436821121417
q00693,0.11445724927544837,0.07399240495306862,0.2054360293730414
q00694,0.09290911382697838,0.07408752142948312,0.11835971824369504
q00695,0.07620470582894004,0.06143177009280271,0.11309290521329035
q00696,0.27695319825836456,0.19456622986244326,0.3854657812617344
q00697,0.2564450045096501,0.19660264333268052,0.3804179740249759
q00698,0.23709039948254185,0.19641935315516537,0.31722961659007376
q00699,0.45040362823649666,0.40395527826905475,0.5594814841983199
q00700,0.4467150176640421,0.41518935814819297,0.5103965445078923
q00701,0.47412328230562273,0.42517224740584686,0.5333297915611558
q00702,0.2708288022064381,0.2472872752473208,0.30072248075682156
q00703,0.26904841348142583,0.24694366508442386,0.29494260810762457
q00704,0.27178432470665476,0.25771194699856736,0.2947404764467296
q00705,0.304042716372124,0.19915441052868407,0.4346499330707607
q00706,0.26849050912830724,0.14168676567126345,0.5445740896419887
q00707,0.1611126345519241,0.14044814494754917,0.20708545900598926
q00708,0.383613834606037,0.3583938335975216,0.39965575091651057
q00709,0.474956599550374,0.3898671579535864,0.5581516725333795
q00710,0.32139827332912807,0.3074009707418212,0.3431635167301645
q00711,0.11808558859742609,0.1025193838956654,0.13346074878236955
q00712,0.11047414288792683,0.09737680992408479,0.1286923935801635
q00713,0.11113964763855012,0.0977099032846064,0.12883768944854973
q00714,0.05666491775801394,0.0356373365683148,0.10220580878659924
q00715,0.04676715977656048,0.03431876215801983,0.06848086194583076
q00716,0.09532785096578433,0.04843904816222695,0.23232247559730235
q00717,0.08130942791968533,0.04879795132464921,0.19812895293497249
q00718,0.08641665964073174,0.0784953447554113,0.09947710855673522
q00719,0.08219079392356723,0.04928458669524976,0.2020193811652667
q00720,0.6923322257186146,0.6116254327339501,0.8070042936950497
q00721,0.5364115554314896,0.5029134229136765,0.6228913124538588
q00722,0.5880209191470743,0.5554637634356967,0.6601925053875195
q00723,0.05996149954379936,0.05011950275756038,0.07728513022773184
q00724,0.0641150367658056,0.04196978799494053,0.08686126812475249
q00725,0.05615964191862125,0.04790006454591674,0.06958758764301491
q00726,0.28330031584963844,0.21987748628160725,0.3873635300977029
q00727,0.24456510381125754,0.22090519986726154,0.2702707052386574
q00728,0.25195923841624507,0.22442951972362923,0.28321054261373657
q00729,0.23934318966511553,0.1614968370434832,0.4508576411497014
q00730,0.27557880029263077,0.19081404053720039,0.49721162815725944
q00731,0.25793092083254093,0.17502078676654378,0.4848224057880631
q00732,0.7350124525772664,0.5800056126307432,0.8625180394468441
q00733,0.7397144466190693,0.6064186175169907,0.8562518918340764
q00734,0.6841126614541928,0.5494674851192518,0.8372358439565352
q00735,0.24835508136782775,0.09173761721592316,0.6951975586373268
q00736,0.15639413183911022,0.08282807029062768,0.30687411209060733
q00737,0.1715490062621626,0.08353829315725854,0.3274114631642134
q00738,0.2982152746229709,0.21345863385568023,0.47703973473838024
q00739,0.1839248768251562,0.17719194101880623,0.19053587305254557
q00740,0.1959464013122702,0.18788860530588958,0.20391983508510042
q00741,0.18277083703831606,0.16551270094293746,0.1998612435639552
q00742,0.22897265219703156,0.20953203301382708,0.24480059508210358
q00743,0.22816406497859798,0.20953203301382708,0.24480059508210358
q00744,0.1296646221390926,0.11928838358555627,0.14004032419834436
q00745,0.13637647054704866,0.12702975786294532,0.1486772259003363
q00746,0.19207433588976086,0.12568531088757054,0.27091992102439666
q00747,0.12329372501332242,0.10030435704162512,0.19177903800545626
q00748,0.28258578234002846,0.08475203491092877,0.7531564620782623
q00749,0.12781916577447877,0.10585493527490672,0.1967251213459067
q00750,0.3379615607815565,0.32092710714730066,0.347263568336544
q00751,0.36159757159488426,0.3348048495398595,0.4048055204424934
q00752,0.36322940528631786,0.33834429184644177,0.4005085714713936
q00753,0.03427143902258532,0.025817485411279952,0.05307316024042063
q00754,0.03955457589078054,0.03198003954608776,0.05718313018841578
q00755,0.033190886965306546,0.02277731409751971,0.05443785804399219
q00756,0.2228363261628947,0.2075418607811895,0.2450730177089587
q00757,0.2228363261628947,0.2075418607811895,0.2450730177089587
q00758,0.22276373494402327,0.20864260654381112,0.2450730177089587
q00759,0.494094072786491,0.46486974226591093,0.5280962852687409
q00760,0.48601522234151906,0.44701240325202596,0.5212257108396511
q00761,0.8111822663428097,0.6392595763765108,0.9451537960752577
q00762,0.12260486088086767,0.10907273176245783,0.1387123889827357
q00763,0.05825828596942639,0.051443263003843005,0.0656106039181591
q00764,0.1010965797181745,0.09127767015418868,0.11220646107381788
q00765,0.08041837234097024,0.07456926364562676,0.08721715711831411
q00766,0.08014354847870744,0.07548417476622327,0.08721715711831411
q00767,0.08014354847870744,0.07548417476622327,0.08721715711831411
q00768,0.30512675149251667,0.27600304993412234,0.31711903588468865
q00769,0.17416498395536792,0.14047717059890277,0.21024732798623136
q00770,0.30512675149251667,0.27600304993412234,0.31711903588468865
q00771,0.3507837416444465,0.21591382131188275,0.5860584325763443
q00772,0.2039155245314675,0.19720860140418964,0.21123551689530962
q00773,0.3376288445317453,0.18392962521455986,0.7745595194813693
q00774,0.11038443618402485,0.09361933796056543,0.13183396874915093
q00775,0.11170113576662648,0.09335266382824982,0.13419115959268052
q00776,0.11196223075428767,0.09335266382824982,0.13710570107650152
q00777,0.1276616756859001,0.11447403673047075,0.14383463131870625
q00778,0.12306445562253145,0.10234543823390471,0.16320366475158857
q00779,0.11823555252553575,0.10343526858702663,0.14021100533744354
q00780,0.23775837834555966,0.21836365785874148,0.25779362409876827
q00781,0.23226043996577966,0.21824020614075684,0.2525952157493472
q00782,0.2795071754112856,0.22720733464136283,0.45551042562094524
q00783,0.24012083405831197,0.14115931078484248,0.3635216055254807
q00784,0.1708746654725723,0.11726691556378098,0.2839618456380478
q00785,0.24013405445400993,0.14115931078484248,0.3651958820095843
q00786,0.3451494814832382,0.31361990088883074,0.39497029749419144
q00787,0.35906917403149363,0.3225655804568989,0.4117749894120044
q00788,0.39665409048131206,0.3513298708778994,0.4388913061562982
q00789,0.09434356592477158,0.08300084019381108,0.11709804775126514
q00790,0.09396084152137679,0.08300084019381108,0.11663415984475375
q00791,0.07680023470530889,0.06667743280129267,0.09974789737145807
q00792,0.5155891870067701,0.32916749920024274,0.805504192045423
q00793,0.5075697041719636,0.3293311722092467,0.793175258485854
q00794,0.6618972254269392,0.4518531910645593,0.8923406024863209
q00795,0.18681819381950843,0.12007996516875044,0.3440344807153552
q00796,0.16009857822804816,0.12503880426323155,0.2588135285349493
q00797,0.1886191252698217,0.13809737446165762,0.34057875088196066
q00798,0.48276073833507305,0.45835758384026326,0.4965483963440345
q00799,0.4999030750986619,0.4642028707018323,0.5323242540015782
q00800,0.5151938994989673,0.46035428706188947,0.5508433906023676
q00801,0.08073651968217672,0.039503244099205234,0.18867756393718882
q00802,0.06264748779796492,0.04625631441660332,0.08479148323844765
q00803,0.05779918476758104,0.04230209712756862,0.07867136349593683
q00804,0.12225503869196087,0.10813397886602194,0.13665617208319877
q00805,0.12388675908140245,0.11275948933701861,0.1405389108791356
q00806,0.27972058266020927,0.16810969326679667,0.4376843866762272
q00807,0.05757931877705166,0.0539280167812278,0.061772224139981784
q00808,0.0610010303970257,0.05715344306843352,0.06499899631612216
q00809,0.05796874872422477,0.05353427517311351,0.06258541013155645
q00810,0.1608343606045551,0.1534049542312279,0.16920947581563425
q00811,0.15289731179012916,0.14421053886090926,0.16361606213676838
q00812,0.1636854434553965,0.12051929759273139,0.26791067225635584
q00813,0.11849042036462368,0.11189824579148284,0.1263293917715336
q00814,0.12539671820459025,0.10521423779474427,0.16049375220034817
q00815,0.10507043862564913,0.09533743471257992,0.11607591867407666
q00816,0.12116473746112048,0.04618470785325393,0.29467949567843643
q00817,0.14891184014298725,0.05967822511265961,0.3194690572121308
q00818,0.11957886371004728,0.04561783371954038,0.29007827505891143
q00819,0.6688147548666254,0.6132484267069492,0.7254006332066604
q00820,0.6284211054110144,0.5773798412429284,0.691443219806562
q00821,0.6490593402248558,0.6042828827838183,0.684121888261613
q00822,0.07639585842602598,0.06853231559634246,0.09540534487248047
q00823,0.08717265789324805,0.08054400876105733,0.09470129399055313
q00824,0.10097921775464606,0.09530876769671691,0.10776497783200613
q00825,0.06099953962673903,0.05374400126938127,0.07123997743476199
q00826,0.06351869344396839,0.05384994384175292,0.08591125114942974
q00827,0.06085352066461917,0.054712590902580904,0.07134621617977877
q00828,0.5897223768955878,0.557810043450934,0.6268542620386542
q00829,0.5271100540718635,0.48743922485429775,0.5694291021288415
q00830,0.6410169417484062,0.582134738205922,0.681755952433748
q00831,0.16051961401435422,0.11416160188844411,0.2975274440827007
q00832,0.15866375860892812,0.11416160188844411,0.2959159134029381
q00833,0.16051961401435422,0.11416160188844411,0.2975274440827007
q00834,0.07611551599841818,0.058391290671706966,0.1191704403608129
q00835,0.04452216679706789,0.026515008985455977,0.09454866159512228
q00836,0.03271540212711459,0.026500246910118562,0.04067297325603889
q00837,0.16155634090104598,0.14120835319378633,0.18048423233866592
q00838,0.12216583994629772,0.1076687967001191,0.1351623716681183
q00839,0.16757981226909963,0.1483513750759755,0.1839332548862848
q00840,0.6570756063027188,0.6273801102349302,0.7040249940075772
q00841,0.6607808125590054,0.620635162820335,0.7200257270351031
q00842,0.6575419827147079,0.6239362414141778,0.7024182049296797
q00843,0.5849338675022691,0.5406901319551412,0.6414388329426302
q00844,0.7987147538847007,0.657717756652498,0.9543387229151532
q00845,0.5835492550079859,0.5509793589541948,0.64177434898501
q00846,0.15547616497599456,0.10882951734265887,0.26158718016572946
q00847,0.16142732836148715,0.14196454463763453,0.21542812392644303
q00848,0.15708373822483948,0.10882951734265887,0.2670582397661657
q00849,0.17523533392554227,0.14708601285394401,0.22897803972168104
q00850,0.17515063296425407,0.14684885016233706,0.22897803972168104
q00851,0.2168226771196218,0.14593786826131452,0.39027905807726826
q00852,0.3813420599118217,0.34122044446352284,0.4167849789131783
q00853,0.3467460908855024,0.31885161656929323,0.3734568237189058
q00854,0.22533489836983703,0.188230814404743,0.28427438319224035
q00855,0.9118047350424054,0.7853127807090182,0.9982957151127786
q00856,0.8435819506477759,0.6640842928828125,0.9899369805715259
q00857,0.9388786084096405,0.7662029543292058,0.9995727813408882
q00858,0.1679121180300559,0.04789804445135992,0.5805139446134249
q00859,0.15450012351728473,0.04921370830607412,0.5687854774355539
q00860,0.20765565405025913,0.19858428178714027,0.2182748623368389
q00861,0.07443726814713165,0.070404023979622,0.0801474714702448
q00862,0.06872688136999382,0.06592965977627821,0.07214876462153413
q00863,0.06335558517254275,0.05950702069010901,0.06656012049378604
q00864,0.4255064027577893,0.3575396226381669,0.51761733350902
q00865,0.44453117829866196,0.38039882110223966,0.5018688517870353
q00866,0.4070874331509856,0.3303430585246654,0.5166939068797645
q00867,0.41901181086387485,0.24893934723531738,0.7139220215626545
q00868,0.30344605349415593,0.2662444450009165,0.3706202514211078
q00869,0.32253424917711265,0.25929676359294085,0.4158954998755951
q00870,0.2144941440257361,0.20051240513958823,0.2323027391175457
q00871,0.2941472175681747,0.216801672707545,0.5753926752618276
q00872,0.21427166862794744,0.20051240513958823,0.2323027391175457
q00873,0.5777105728944273,0.5350374563161695,0.6120239111053217
q00874,0.57035473766461,0.5315548999512864,0.6032110421161118
q00875,0.5618252032638377,0.5171677711569832,0.5963888554531966
q00876,0.05194700615689963,0.040978509753507295,0.05876974273257768
q00877,0.0512124352426481,0.041237220634322405,0.05769975578954512
q00878,0.08870462045673778,0.04205456899345476,0.21837516757743738
q00879,0.045606264975180937,0.030851087498070497,0.0854289736904387
q00880,0.048214907230859666,0.035248112981226376,0.0885946957903002
q00881,0.04766475317234183,0.031805848032222854,0.08903116400098351
q00882,0.1842536374014707,0.17530585124054188,0.19307630571493692
q00883,0.18358066019826888,0.17607074734306113,0.192006575285196
q00884,0.1858659650204109,0.1770686617158035,0.19276234640401163
q00885,0.44856741483863566,0.37667257479820493,0.5977386340438783
q00886,0.6926871763085071,0.5423995613076334,0.8663381415184828
q00887,0.4510260278031724,0.3806626594800099,0.5999163128940774
q00888,0.3803002990909229,0.37042309754726505,0.39472524359855365
q00889,0.37950104587963834,0.3654204489110649,0.3938993232143847
q00890,0.40265050359265697,0.37668343136787336,0.46947360669179283
q00891,0.3292607974696634,0.2502286300351585,0.4832484567382169
q00892,0.1757771425657204,0.10231501651165914,0.3535698452802677
q00893,0.2584975910723289,0.2259623878494818,0.3049154703513707
q00894,0.37599140796071273,0.345162028855488,0.40705434210018077
q00895,0.3084769617012251,0.2714981598268523,0.3426770636551012
q00896,0.3662449637816878,0.3356107960090321,0.39022973873573047
q00897,0.2729411919687571,0.21081814237704014,0.46794211235157707
q00898,0.1833151495841755,0.1651511882945222,0.19434520318976775
q00899,0.2774821448484035,0.2133825391023529,0.468859845371174
